{"time": 0, "metrics": {"time": [0], "energy": [7.938327322100594e+53], "angular_momentum": [[0.0, 0.0, 2.6936411653010913e+40]], "position": []}, "particles": [{"name": "", "position": [0.0, 0.0, 0.0], "velocity": [0.0, 0.0, 0.0], "energy": 0.0}, {"name": "", "position": [-4.427971338205607e+19, 2572992000.0, 0.0], "velocity": [-512496684394167.44, 29780.0, 0.0], "energy": 7.842814146238343e+53}, {"name": "", "position": [-4.405303233852323e+19, 2592000000.0, 0.0], "velocity": [-509873061209579.06, 30000.0, 0.0], "energy": 9.551317586225126e+51}]}