{"time": 17280000, "metrics": {"time": [0, 86400, 172800, 259200, 345600, 432000, 518400, 604800, 691200, 777600, 864000, 950400, 1036800, 1123200, 1209600, 1296000, 1382400, 1468800, 1555200, 1641600, 1728000, 1814400, 1900800, 1987200, 2073600, 2160000, 2246400, 2332800, 2419200, 2505600, 2592000, 2678400, 2764800, 2851200, 2937600, 3024000, 3110400, 3196800, 3283200, 3369600, 3456000, 3542400, 3628800, 3715200, 3801600, 3888000, 3974400, 4060800, 4147200, 4233600, 4320000, 4406400, 4492800, 4579200, 4665600, 4752000, 4838400, 4924800, 5011200, 5097600, 5184000, 5270400, 5356800, 5443200, 5529600, 5616000, 5702400, 5788800, 5875200, 5961600, 6048000, 6134400, 6220800, 6307200, 6393600, 6480000, 6566400, 6652800, 6739200, 6825600, 6912000, 6998400, 7084800, 7171200, 7257600, 7344000, 7430400, 7516800, 7603200, 7689600, 7776000, 7862400, 7948800, 8035200, 8121600, 8208000, 8294400, 8380800, 8467200, 8553600, 8640000, 8726400, 8812800, 8899200, 8985600, 9072000, 9158400, 9244800, 9331200, 9417600, 9504000, 9590400, 9676800, 9763200, 9849600, 9936000, 10022400, 10108800, 10195200, 10281600, 10368000, 10454400, 10540800, 10627200, 10713600, 10800000, 10886400, 10972800, 11059200, 11145600, 11232000, 11318400, 11404800, 11491200, 11577600, 11664000, 11750400, 11836800, 11923200, 12009600, 12096000, 12182400, 12268800, 12355200, 12441600, 12528000, 12614400, 12700800, 12787200, 12873600, 12960000, 13046400, 13132800, 13219200, 13305600, 13392000, 13478400, 13564800, 13651200, 13737600, 13824000, 13910400, 13996800, 14083200, 14169600, 14256000, 14342400, 14428800, 14515200, 14601600, 14688000, 14774400, 14860800, 14947200, 15033600, 15120000, 15206400, 15292800, 15379200, 15465600, 15552000, 15638400, 15724800, 15811200, 15897600, 15984000, 16070400, 16156800, 16243200, 16329600, 16416000, 16502400, 16588800, 16675200, 16761600, 16848000, 16934400, 17020800, 17107200, 17193600, 17280000], "energy": [7.938327322100594e+53, 7.938327322100594e+53, 7.938327322100594e+53, 7.938327322100594e+53, 7.938327322100594e+53, 7.938327322100594e+53, 7.938327322100594e+53, 7.938327322100594e+53, 7.938327322100594e+53, 7.938327322100594e+53, 7.938327322100594e+53, 7.938327322100594e+53, 7.938327322100594e+53, 7.938327322100594e+53, 7.938327322100594e+53, 7.938327322100594e+53, 7.938327322100594e+53, 7.938327322100594e+53, 7.938327322100594e+53, 7.938327322100594e+53, 7.938327322100594e+53, 7.938327322100594e+53, 7.938327322100594e+53, 7.938327322100594e+53, 7.938327322100594e+53, 7.938327322100594e+53, 7.938327322100594e+53, 7.938327322100594e+53, 7.938327322100594e+53, 7.938327322100594e+53, 7.938327322100594e+53, 7.938327322100594e+53, 7.938327322100594e+53, 7.938327322100594e+53, 7.938327322100594e+53, 7.938327322100594e+53, 7.938327322100594e+53, 7.938327322100594e+53, 7.938327322100594e+53, 7.938327322100594e+53, 7.938327322100594e+53, 7.938327322100594e+53, 7.938327322100594e+53, 7.938327322100594e+53, 7.938327322100594e+53, 7.938327322100594e+53, 7.938327322100594e+53, 7.938327322100594e+53, 7.938327322100594e+53, 7.938327322100594e+53, 7.938327322100594e+53, 7.938327322100594e+53, 7.938327322100594e+53, 7.938327322100594e+53, 7.938327322100594e+53, 7.938327322100594e+53, 7.938327322100594e+53, 7.938327322100594e+53, 7.938327322100594e+53, 7.938327322100594e+53, 7.938327322100594e+53, 7.938327322100594e+53, 7.938327322100594e+53, 7.938327322100594e+53, 7.938327322100594e+53, 7.938327322100594e+53, 7.938327322100594e+53, 7.938327322100594e+53, 7.938327322100594e+53, 7.938327322100594e+53, 7.938327322100594e+53, 7.938327322100594e+53, 7.938327322100594e+53, 7.938327322100594e+53, 7.938327322100594e+53, 7.938327322100594e+53, 7.938327322100594e+53, 7.938327322100594e+53, 7.938327322100594e+53, 7.938327322100594e+53, 7.938327322100594e+53, 7.938327322100594e+53, 7.938327322100594e+53, 7.938327322100594e+53, 7.938327322100594e+53, 7.938327322100594e+53, 7.938327322100594e+53, 7.938327322100594e+53, 7.938327322100594e+53, 7.938327322100594e+53, 7.938327322100594e+53, 7.938327322100594e+53, 7.938327322100594e+53, 7.938327322100594e+53, 7.938327322100594e+53, 7.938327322100594e+53, 7.938327322100594e+53, 7.938327322100594e+53, 7.938327322100594e+53, 7.938327322100594e+53, 7.938327322100594e+53, 7.938327322100594e+53, 7.938327322100594e+53, 7.938327322100594e+53, 7.938327322100594e+53, 7.938327322100594e+53, 7.938327322100594e+53, 7.938327322100594e+53, 7.938327322100594e+53, 7.938327322100594e+53, 7.938327322100594e+53, 7.938327322100594e+53, 7.938327322100594e+53, 7.938327322100594e+53, 7.938327322100594e+53, 7.938327322100594e+53, 7.938327322100594e+53, 7.938327322100594e+53, 7.938327322100594e+53, 7.938327322100594e+53, 7.938327322100594e+53, 7.938327322100594e+53, 7.938327322100594e+53, 7.938327322100594e+53, 7.938327322100594e+53, 7.938327322100594e+53, 7.938327322100594e+53, 7.938327322100594e+53, 7.938327322100594e+53, 7.938327322100594e+53, 7.938327322100594e+53, 7.938327322100594e+53, 7.938327322100594e+53, 7.938327322100594e+53, 7.938327322100594e+53, 7.938327322100594e+53, 7.938327322100594e+53, 7.938327322100594e+53, 7.938327322100594e+53, 7.938327322100594e+53, 7.938327322100594e+53, 7.938327322100594e+53, 7.938327322100594e+53, 7.938327322100594e+53, 7.938327322100594e+53, 7.938327322100594e+53, 7.938327322100594e+53, 7.938327322100594e+53, 7.938327322100594e+53, 7.938327322100594e+53, 7.938327322100594e+53, 7.938327322100594e+53, 7.938327322100594e+53, 7.938327322100594e+53, 7.938327322100594e+53, 7.938327322100594e+53, 7.938327322100594e+53, 7.938327322100594e+53, 7.938327322100594e+53, 7.938327322100594e+53, 7.938327322100594e+53, 7.938327322100594e+53, 7.938327322100594e+53, 7.938327322100594e+53, 7.938327322100594e+53, 7.938327322100594e+53, 7.938327322100594e+53, 7.938327322100594e+53, 7.938327322100594e+53, 7.938327322100594e+53, 7.938327322100594e+53, 7.938327322100594e+53, 7.938327322100594e+53, 7.938327322100594e+53, 7.938327322100594e+53, 7.938327322100594e+53, 7.938327322100594e+53, 7.938327322100594e+53, 7.938327322100594e+53, 7.938327322100594e+53, 7.938327322100594e+53, 7.938327322100594e+53, 7.938327322100594e+53, 7.938327322100594e+53, 7.938327322100594e+53, 7.938327322100594e+53, 7.938327322100594e+53, 7.938327322100594e+53, 7.938327322100594e+53, 7.938327322100594e+53, 7.938327322100594e+53, 7.938327322100594e+53, 7.938327322100594e+53, 7.938327322100594e+53, 7.938327322100594e+53, 7.938327322100594e+53, 7.938327322100594e+53, 7.938327322100594e+53, 7.938327322100594e+53, 7.938327322100594e+53, 7.938327322100594e+53],