{"time": 8640000, "metrics": {"time": [0, 86400, 172800, 259200, 345600, 432000, 518400, 604800, 691200, 777600, 864000, 950400, 1036800, 1123200, 1209600, 1296000, 1382400, 1468800, 1555200, 1641600, 1728000, 1814400, 1900800, 1987200, 2073600, 2160000, 2246400, 2332800, 2419200, 2505600, 2592000, 2678400, 2764800, 2851200, 2937600, 3024000, 3110400, 3196800, 3283200, 3369600, 3456000, 3542400, 3628800, 3715200, 3801600, 3888000, 3974400, 4060800, 4147200, 4233600, 4320000, 4406400, 4492800, 4579200, 4665600, 4752000, 4838400, 4924800, 5011200, 5097600, 5184000, 5270400, 5356800, 5443200, 5529600, 5616000, 5702400, 5788800, 5875200, 5961600, 6048000, 6134400, 6220800, 6307200, 6393600, 6480000, 6566400, 6652800, 6739200, 6825600, 6912000, 6998400, 7084800, 7171200, 7257600, 7344000, 7430400, 7516800, 7603200, 7689600, 7776000, 7862400, 7948800, 8035200, 8121600, 8208000, 8294400, 8380800, 8467200, 8553600, 8640000], "energy": [7.938327322100594e+53, 7.938327322100594e+53, 7.938327322100594e+53, 7.938327322100594e+53, 7.938327322100594e+53, 7.938327322100594e+53, 7.938327322100594e+53, 7.938327322100594e+53, 7.938327322100594e+53, 7.938327322100594e+53, 7.938327322100594e+53, 7.938327322100594e+53, 7.938327322100594e+53, 7.938327322100594e+53, 7.938327322100594e+53, 7.938327322100594e+53, 7.938327322100594e+53, 7.938327322100594e+53, 7.938327322100594e+53, 7.938327322100594e+53, 7.938327322100594e+53, 7.938327322100594e+53, 7.938327322100594e+53, 7.938327322100594e+53, 7.938327322100594e+53, 7.938327322100594e+53, 7.938327322100594e+53, 7.938327322100594e+53, 7.938327322100594e+53, 7.938327322100594e+53, 7.938327322100594e+53, 7.938327322100594e+53, 7.938327322100594e+53, 7.938327322100594e+53, 7.938327322100594e+53, 7.938327322100594e+53, 7.938327322100594e+53, 7.938327322100594e+53, 7.938327322100594e+53, 7.938327322100594e+53, 7.938327322100594e+53, 7.938327322100594e+53, 7.938327322100594e+53, 7.938327322100594e+53, 7.938327322100594e+53, 7.938327322100594e+53, 7.938327322100594e+53, 7.938327322100594e+53, 7.938327322100594e+53, 7.938327322100594e+53, 7.938327322100594e+53, 7.938327322100594e+53, 7.938327322100594e+53, 7.938327322100594e+53, 7.938327322100594e+53, 7.938327322100594e+53, 7.938327322100594e+53, 7.938327322100594e+53, 7.938327322100594e+53, 7.938327322100594e+53, 7.938327322100594e+53, 7.938327322100594e+53, 7.938327322100594e+53, 7.938327322100594e+53, 7.938327322100594e+53, 7.938327322100594e+53, 7.938327322100594e+53, 7.938327322100594e+53, 7.938327322100594e+53, 7.938327322100594e+53, 7.938327322100594e+53, 7.938327322100594e+53, 7.938327322100594e+53, 7.938327322100594e+53, 7.938327322100594e+53, 7.938327322100594e+53, 7.938327322100594e+53, 7.938327322100594e+53, 7.938327322100594e+53, 7.938327322100594e+53, 7.938327322100594e+53, 7.938327322100594e+53, 7.938327322100594e+53, 7.938327322100594e+53, 7.938327322100594e+53, 7.938327322100594e+53, 7.938327322100594e+53, 7.938327322100594e+53, 7.938327322100594e+53, 7.938327322100594e+53, 7.938327322100594e+53, 7.938327322100594e+53, 7.938327322100594e+53, 7.938327322100594e+53, 7.938327322100594e+53, 7.938327322100594e+53, 7.938327322100594e+53, 7.938327322100594e+53, 7.938327322100594e+53, 7.938327322100594e+53, 7.938327322100594e+53], "angular_momentum": [[0.0, 0.0, 2.6936411653010913e+40], [0.0, 0.0, 2.6936409016297665e+40], [0.0, 0.0, 2.6936406420149236e+40], [0.0, 0.0, 2.6936406420149236e+40], [0.0, 0.0, 2.6936406339019597e+40], [0.0, 0.0, 2.693640114672274e+40], [0.0, 0.0, 2.69364010655931e+40], [0.0, 0.0, 2.693640114672274e+40], [0.0, 0.0, 2.6936401308982015e+40], [0.0, 0.0, 2.693639076212902e+40], [0.0, 0.0, 2.69363909243883e+40], [0.0, 0.0, 2.6936391086647575e+40], [0.0, 0.0, 2.6936370155200864e+40], [0.0, 0.0, 2.69363909243883e+40], [0.0, 0.0, 2.69363909243883e+40], [0.0, 0.0, 2.6936411693575732e+40], [0.0, 0.0, 2.693641136905718e+40], [0.0, 0.0, 2.6936432138244613e+40], [0.0, 0.0, 2.693643181372606e+40], [0.0, 0.0, 2.6936452582913493e+40], [0.0, 0.0, 2.6936452582913493e+40], [0.0, 0.0, 2.693647335210093e+40], [0.0, 0.0, 2.693647335210093e+40], [0.0, 0.0, 2.693649379676981e+40], [0.0, 0.0, 2.6936535335144676e+40], [0.0, 0.0, 2.6936493472251254e+40], [0.0, 0.0, 2.6936535010626123e+40], [0.0, 0.0, 2.693649379676981e+40], [0.0, 0.0, 2.693649379676981e+40], [0.0, 0.0, 2.6936452582913493e+40], [0.0, 0.0, 2.693645225839494e+40], [0.0, 0.0, 2.6936452907432047e+40], [0.0, 0.0, 2.6936452907432047e+40], [0.0, 0.0, 2.6936412018094286e+40], [0.0, 0.0, 2.6936412018094286e+40], [0.0, 0.0, 2.6936412667131393e+40], [0.0, 0.0, 2.6936412667131393e+40], [0.0, 0.0, 2.693637047971942e+40], [0.0, 0.0, 2.6936371128756525e+40], [0.0, 0.0, 2.6936371128756525e+40], [0.0, 0.0, 2.6936371777793633e+40], [0.0, 0.0, 2.6936288701043896e+40], [0.0, 0.0, 2.6936289350081003e+40], [0.0, 0.0, 2.6936289350081003e+40], [0.0, 0.0, 2.6936289350081003e+40], [0.0, 0.0, 2.6936247811706135e+40], [0.0, 0.0, 2.6936247811706135e+40], [0.0, 0.0, 2.6936206922368374e+40], [0.0, 0.0, 2.6936206922368374e+40], [0.0, 0.0, 2.693620757140548e+40], [0.0, 0.0, 2.693620757140548e+40], [0.0, 0.0, 2.6936124494655745e+40], [0.0, 0.0, 2.693620757140548e+40], [0.0, 0.0, 2.693620757140548e+40], [0.0, 0.0, 2.693629064815522e+40], [0.0, 0.0, 2.693628999911811e+40], [0.0, 0.0, 2.693628999911811e+40], [0.0, 0.0, 2.693637242683074e+40], [0.0, 0.0, 2.6936371777793633e+40], [0.0, 0.0, 2.6936371777793633e+40], [0.0, 0.0, 2.693645485454337e+40], [0.0, 0.0, 2.6936453556469154e+40], [0.0, 0.0, 2.693653663321889e+40], [0.0, 0.0, 2.693653663321889e+40], [0.0, 0.0, 2.693653663321889e+40], [0.0, 0.0, 2.6936618411894413e+40], [0.0, 0.0, 2.6936618411894413e+40], [0.0, 0.0, 2.6936618411894413e+40], [0.0, 0.0, 2.6936700190569935e+40], [0.0, 0.0, 2.6936700190569935e+40], [0.0, 0.0, 2.693678326731967e+40], [0.0, 0.0, 2.693678326731967e+40], [0.0, 0.0, 2.6936781969245457e+40], [0.0, 0.0, 2.6936865045995193e+40], [0.0, 0.0, 2.6936865045995193e+40], [0.0, 0.0, 2.693686374792098e+40], [0.0, 0.0, 2.6936946824670715e+40], [0.0, 0.0, 2.6936946824670715e+40], [0.0, 0.0, 2.693702990142045e+40], [0.0, 0.0, 2.6937028603346237e+40], [0.0, 0.0, 2.6937028603346237e+40], [0.0, 0.0, 2.693719475684571e+40], [0.0, 0.0, 2.6937193458771496e+40], [0.0, 0.0, 2.6937193458771496e+40], [0.0, 0.0, 2.693727653552123e+40], [0.0, 0.0, 2.693727653552123e+40], [0.0, 0.0, 2.6937358314196754e+40], [0.0, 0.0, 2.6937358314196754e+40], [0.0, 0.0, 2.6937358314196754e+40], [0.0, 0.0, 2.6937440092872276e+40], [0.0, 0.0, 2.6937440092872276e+40], [0.0, 0.0, 2.6937440092872276e+40], [0.0, 0.0, 2.6937523169622013e+40], [0.0, 0.0, 2.69375218715478e+40], [0.0, 0.0, 2.6937604948297535e+40], [0.0, 0.0, 2.6937604948297535e+40], [0.0, 0.0, 2.693760365022332e+40], [0.0, 0.0, 2.693760365022332e+40], [0.0, 0.0, 2.693760365022332e+40], [0.0, 0.0, 2.6937769803722793e+40], [0.0, 0.0, 2.6937602352149105e+40]], "position": []}, "particles": [{"name": "", "position": [0.0, 0.0, 0.0], "velocity": [0.0, 0.0, 0.0], "energy": 0.0}, {"name": "", "position": [-4.472251066547655e+21, 259872192000.0, 0.0], "velocity": [-512496684394167.44, 29780.0, 0.0], "energy": 7.842814146238343e+53}, {"name": "", "position": [-4.4493562811892923e+21, 261792000000.0, 0.0], "velocity": [-509873061209579.06, 30000.0, 0.0], "energy": 9.551317586225126e+51}]}